序号,链接,节点数
0,https://0CBsyT.mcsslk.xyz/303bceaae88247b7eb4a57805165d7f8,0
1,https://gist.githubusercontent.com/peasoft/7907a8ee2a4fa5e80cd1bd006664442c/raw/,0
2,https://gitlab.com/colloq168/nodefiltrate/-/raw/main/filtrate?ref_type=heads,164
3,https://nfPvXE.absslk.xyz/4ac9826491ae6f5e26bc37bfcbe8a8c7,0
4,https://raw.githubusercontent.com/Alvin9999/pac2/master/clash.meta2/1/config.yaml,0
5,https://raw.githubusercontent.com/Alvin9999/pac2/master/clash.meta2/13/config.yaml,0
6,https://raw.githubusercontent.com/Alvin9999/pac2/master/clash.meta2/15/config.yaml,0
7,https://raw.githubusercontent.com/Alvin9999/pac2/master/clash.meta2/2/config.yaml,0
8,https://raw.githubusercontent.com/Alvin9999/pac2/master/clash.meta2/config.yaml,0
9,https://raw.githubusercontent.com/Huibq/TrojanLinks/master/links/vmess,0
10,https://raw.githubusercontent.com/Surfboardv2ray/TGParse/main/python/hy2,21
11,https://raw.githubusercontent.com/Surfboardv2ray/TGParse/main/python/hysteria2,90
12,https://raw.githubusercontent.com/qjlxg/hy2/main/splitted/hy2,17
13,https://raw.githubusercontent.com/ripaojiedian/freenode/main/clash,24
14,https://raw.githubusercontent.com/ripaojiedian/freenode/main/sub,26
15,https://raw.githubusercontent.com/zhangkaiitugithub/passcro/main/speednodes.yaml,119

总计,,418
